,rooms,facilities,rating_n_reviews,specialties_1,specialties_2,price_per_night,house_rules,amenities,region,partner
0,8 guests · 3 bedrooms · 8 beds · 0 baths,Kitchen,5.0 (6),Entire home**__**Enhanced Clean**__**Self check-in**__**Luise is a Superhost**__**House rules,,€23 €21/ night,"󰀥Check-in:  2:00 PM - 9:00 PM**__**󰀥Checkout: 9:00 AM**__**󰄄Self check-in with lockbox**__**󱤈No smoking**__**󱤂No parties or events**__**󱤅Pets are allowed**__**󹀁Committed to Airbnb's enhanced cleaning process. Learn more**__**Airbnb's social-distancing and other COVID-19-related guidelines apply**__**󱠁Carbon monoxide alarm**__**󱠁Smoke alarm**__**󰐂Security Deposit - if you damage the home, you may be charged up to €100","{""amenity_Bathroom"": [""Hair dryer""], ""amenity_Bedroom and laundry"": [""Essentials"", ""Dryer"", ""Hangers"", ""Washer""], ""amenity_Entertainment"": [""TV""], ""amenity_Family"": [""High chair""], ""amenity_Heating and cooling"": [""Heating""], ""amenity_Home safety"": [""Unavailable: Security cameras on property"", ""Smoke alarm"", ""Carbon monoxide alarm"", ""Fire extinguisher""], ""amenity_Internet and office"": [""Wifi""], ""amenity_Kitchen and dining"": [""Kitchen""], ""amenity_Location features"": [""Lake access"", ""Ski-in/Ski-out"", ""Waterfront"", ""Private entrance""], ""amenity_Outdoor"": [""Patio or balcony""], ""amenity_Parking and facilities"": [""Pool"", ""Free parking on premises"", ""Gym"", ""Free street parking""], ""amenity_Services"": [""Long term stays allowed"", ""Lockbox""], ""amenity_Not included"": [""Unavailable: Shampoo"", ""Unavailable: Air conditioning""]}",Uberlandia,Premium
1,8 guests · 4 bedrooms · 8 beds · 1.5 baths,Kitchen,4.96 (48),Entire home**__**Enhanced Clean**__**Self check-in**__**Cancellation policy**__**House rules,,€140/ night,󰀥Checkout: 9:00 AM**__**󰄄Self check-in with lockbox**__**󱤈No smoking**__**󱤂No parties or events**__**󱤅Pets are allowed**__**󹀁Committed to Airbnb's enhanced cleaning process. Learn more**__**Airbnb's social-distancing and other COVID-19-related guidelines apply**__**󱠆Carbon monoxide alarm not reported Learn more**__**󱠁Smoke alarm,"{""amenity_Bathroom"": [""Hot water"", ""Hair dryer""], ""amenity_Bedroom and laundry"": [""Bed linens"", ""Iron"", ""Washer"", ""Essentials"", ""Hangers""], ""amenity_Entertainment"": [""TV""], ""amenity_Family"": [""Crib"", ""High chair"", ""Children\u2019s books and toys"", ""Pack \u2019n Play/travel crib""], ""amenity_Heating and cooling"": [""Heating""], ""amenity_Home safety"": [""Unavailable: Security cameras on property"", ""Smoke alarm"", ""Fire extinguisher""], ""amenity_Internet and office"": [""Wifi"", ""Dedicated workspace""], ""amenity_Kitchen and dining"": [""Dishes and silverware"", ""Refrigerator"", ""Cooking basics"", ""Kitchen"", ""Dishwasher"", ""Stove"", ""Coffee maker"", ""Oven""], ""amenity_Location features"": [""Private entrance""], ""amenity_Outdoor"": [""Patio or balcony"", ""Garden or backyard"", ""BBQ grill""], ""amenity_Parking and facilities"": [""Free street parking"", ""Free parking on premises""], ""amenity_Services"": [""Luggage dropoff allowed"", ""Lockbox""], ""amenity_Not included"": [""Unavailable: Carbon monoxide alarm"", ""Unavailable: Shampoo"", ""Unavailable: Air conditioning""]}",Uberlandia,Premium
2,5 guests · 2 bedrooms · 5 beds · 2 baths,Kitchen,5.0 (6),,Entire home**__**Enhanced Clean**__**Great location**__**Cancellation policy**__**House rules,€121/ night,󰀥Check-in:  After 4:00 PM**__**󰀥Checkout: 11:00 AM**__**󱤄Not suitable for infants (under 2 years)**__**󱤈No smoking**__**󱤆No pets**__**󱤂No parties or events**__**󹀁Committed to Airbnb's enhanced cleaning process. Learn more**__**Airbnb's social-distancing and other COVID-19-related guidelines apply**__**󱠃No carbon monoxide alarm**__**󱠁Smoke alarm,"{""amenity_Bathroom"": [""Hot water""], ""amenity_Bedroom and laundry"": [""Essentials"", ""Hangers""], ""amenity_Entertainment"": [""TV""], ""amenity_Heating and cooling"": [""Heating""], ""amenity_Home safety"": [""Unavailable: Security cameras on property"", ""Smoke alarm""], ""amenity_Internet and office"": [""Wifi"", ""Dedicated workspace""], ""amenity_Kitchen and dining"": [""Kitchen""], ""amenity_Location features"": [""Private entrance""], ""amenity_Parking and facilities"": [""Free parking on premises""], ""amenity_Services"": [""Long term stays allowed""], ""amenity_Not included"": [""Unavailable: Hair dryer"", ""Unavailable: Shampoo"", ""Unavailable: Washer"", ""Unavailable: Air conditioning"", ""Unavailable: Carbon monoxide alarm""]}",Uberlandia,Premium
3,6 guests · 3 bedrooms · 4 beds · 1 bath,Kitchen,4.83 (116),Entire home**__**Enhanced Clean**__**Timea is a Superhost**__**Free cancellation until 1:00 PM on Mar 15**__**House rules,,€205 €141/ night,󰀥Check-in:  After 1:00 PM**__**󰀥Checkout: 12:00 PM**__**󱤂No parties or events**__**󱤅Pets are allowed**__**󱤇Smoking is allowed**__**󱠁Long term stays (28 days or more) are allowed**__**󹀁Committed to Airbnb's enhanced cleaning process. Learn more**__**Airbnb's social-distancing and other COVID-19-related guidelines apply**__**󱠆Carbon monoxide alarm not reported Learn more**__**󱠁Smoke alarm,{},Uberlandia,Premium
4,6 guests · 3 bedrooms · 3 beds · 1.5 baths,Hosted by a business · Kitchen,empty,Entire home**__**Enhanced Clean**__**Wifi**__**Cancellation policy**__**House rules,,€139/ night,󰀥Check-in:  4:00 PM - 6:00 PM**__**󰀥Checkout: 10:00 AM**__**󱤈No smoking**__**󱤆No pets**__**󱤂No parties or events**__**󹀁Committed to Airbnb's enhanced cleaning process. Learn more**__**Airbnb's social-distancing and other COVID-19-related guidelines apply**__**󱠆Carbon monoxide alarm not reported Learn more**__**󱠆Smoke alarm not reported Learn more,"{""amenity_Bedroom and laundry"": [""Dryer"", ""Washer""], ""amenity_Entertainment"": [""TV""], ""amenity_Family"": [""High chair"", ""Crib""], ""amenity_Heating and cooling"": [""Heating""], ""amenity_Internet and office"": [""Wifi""], ""amenity_Kitchen and dining"": [""Coffee maker"", ""Kitchen"", ""Oven"", ""Dishwasher""], ""amenity_Outdoor"": [""Patio or balcony""], ""amenity_Services"": [""Long term stays allowed""], ""amenity_Not included"": [""Unavailable: Smoke alarm"", ""Unavailable: Essentials"", ""Unavailable: Private entrance"", ""Unavailable: Carbon monoxide alarm"", ""Unavailable: Hair dryer"", ""Unavailable: Shampoo"", ""Unavailable: Air conditioning""]}",Uberlandia,Premium
5,8 guests · 3 bedrooms · 8 beds · 3 baths,Kitchen,empty,,Entire home**__**Enhanced Clean**__**Cancellation policy**__**House rules,€160/ night,"󰀥Check-in:  4:00 PM - 8:00 PM**__**󰀥Checkout: 9:00 AM**__**󱤈No smoking**__**󱤆No pets**__**󱤂No parties or events**__**󹀁Committed to Airbnb's enhanced cleaning process. Learn more**__**Airbnb's social-distancing and other COVID-19-related guidelines apply**__**󱠆Carbon monoxide alarm not reported Learn more**__**󱠆Smoke alarm not reported Learn more**__**󰐂Security Deposit - if you damage the home, you may be charged up to €350","{""amenity_Bathroom"": [""Hot water""], ""amenity_Bedroom and laundry"": [""Hangers"", ""Bed linens""], ""amenity_Entertainment"": [""TV""], ""amenity_Family"": [""High chair"", ""Pack \u2019n Play/travel crib""], ""amenity_Heating and cooling"": [""Heating""], ""amenity_Home safety"": [""Unavailable: Security cameras on property"", ""Fire extinguisher""], ""amenity_Internet and office"": [""Wifi""], ""amenity_Kitchen and dining"": [""Coffee maker"", ""Dishwasher"", ""Oven"", ""Refrigerator"", ""Kitchen"", ""Microwave"", ""Stove"", ""Dishes and silverware"", ""Cooking basics""], ""amenity_Location features"": [""Private entrance""], ""amenity_Outdoor"": [""Patio or balcony""], ""amenity_Parking and facilities"": [""Free parking on premises""], ""amenity_Not included"": [""Unavailable: Air conditioning"", ""Unavailable: Washer"", ""Unavailable: Essentials"", ""Unavailable: Carbon monoxide alarm"", ""Unavailable: Hair dryer"", ""Unavailable: Shampoo"", ""Unavailable: Smoke alarm""]}",Uberlandia,Premium
6,4 guests · 3 bedrooms · 3 beds · 2 baths,Hosted by a business · Kitchen,empty,Entire home**__**Enhanced Clean**__**Cancellation policy**__**House rules,,€70/ night,󰀥Check-in:  After 4:00 PM**__**󰀥Checkout: 10:00 AM**__**󱤈No smoking**__**󱤅Pets are allowed**__**󹀁Committed to Airbnb's enhanced cleaning process. Learn more**__**Airbnb's social-distancing and other COVID-19-related guidelines apply**__**󱠆Carbon monoxide alarm not reported Learn more**__**󱠆Smoke alarm not reported Learn more,"{""amenity_Bathroom"": [""Bathtub""], ""amenity_Bedroom and laundry"": [""Hangers""], ""amenity_Entertainment"": [""TV""], ""amenity_Heating and cooling"": [""Heating""], ""amenity_Internet and office"": [""Dedicated workspace""], ""amenity_Kitchen and dining"": [""Refrigerator"", ""Coffee maker"", ""Microwave"", ""Kitchen""], ""amenity_Location features"": [""Private entrance""], ""amenity_Parking and facilities"": [""Free street parking""], ""amenity_Services"": [""Long term stays allowed""], ""amenity_Not included"": [""Unavailable: Carbon monoxide alarm"", ""Unavailable: Shampoo"", ""Unavailable: Wifi"", ""Unavailable: Essentials"", ""Unavailable: Air conditioning"", ""Unavailable: Hair dryer"", ""Unavailable: Smoke alarm"", ""Unavailable: Washer""]}",Uberlandia,Premium
7,6 guests · 2 bedrooms · 4 beds · 1.5 baths,Kitchen,4.86 (14),,Entire home**__**Enhanced Clean**__**Anna is a Superhost**__**Cancellation policy**__**House rules,€62/ night,󰀥Check-in:  4:00 PM - 9:00 PM**__**󰀥Checkout: 10:00 AM**__**󱤄Not suitable for infants (under 2 years)**__**󱤈No smoking**__**󱤂No parties or events**__**󱤅Pets are allowed**__**󹀁Committed to Airbnb's enhanced cleaning process. Learn more**__**Airbnb's social-distancing and other COVID-19-related guidelines apply**__**󱠆Carbon monoxide alarm not reported Learn more**__**󱠁Smoke alarm,"{""amenity_Bathroom"": [""Hot water""], ""amenity_Bedroom and laundry"": [""Hangers"", ""Essentials"", ""Bed linens"", ""Extra pillows and blankets""], ""amenity_Heating and cooling"": [""Heating""], ""amenity_Home safety"": [""Unavailable: Security cameras on property"", ""Fire extinguisher"", ""Smoke alarm""], ""amenity_Internet and office"": [""Wifi"", ""Dedicated workspace""], ""amenity_Kitchen and dining"": [""Coffee maker"", ""Oven"", ""Refrigerator"", ""Kitchen"", ""Microwave"", ""Stove"", ""Dishes and silverware"", ""Cooking basics""], ""amenity_Location features"": [""Private entrance""], ""amenity_Outdoor"": [""Garden or backyard"", ""Patio or balcony""], ""amenity_Services"": [""Luggage dropoff allowed"", ""Long term stays allowed"", ""Host greets you"", ""Cleaning before checkout""], ""amenity_Not included"": [""Unavailable: Air conditioning"", ""Unavailable: Washer"", ""Unavailable: TV"", ""Unavailable: Carbon monoxide alarm"", ""Unavailable: Hair dryer"", ""Unavailable: Shampoo""]}",Uberlandia,Premium
8,4 guests · 2 bedrooms · 4 beds · 1 bath,Kitchen,4.91 (55),,Entire home**__**Enhanced Clean**__**Michaela is a Superhost**__**Free cancellation until 4:00 PM on Mar 11**__**House rules,€94/ night,"󰀥Check-in:  4:00 PM - 9:00 PM**__**󰀥Checkout: 9:00 AM**__**󱤈No smoking**__**󱤆No pets**__**󱤂No parties or events**__**󹀁Committed to Airbnb's enhanced cleaning process. Learn more**__**Airbnb's social-distancing and other COVID-19-related guidelines apply**__**󱠆Carbon monoxide alarm not reported Learn more**__**󱠆Smoke alarm not reported Learn more**__**󰐂Security Deposit - if you damage the home, you may be charged up to €100","{""amenity_Bathroom"": [""Hot water"", ""Hair dryer""], ""amenity_Bedroom and laundry"": [""Essentials"", ""Hangers""], ""amenity_Entertainment"": [""TV""], ""amenity_Family"": [""Pack \u2019n Play/travel crib"", ""High chair""], ""amenity_Heating and cooling"": [""Heating""], ""amenity_Home safety"": [""Unavailable: Security cameras on property"", ""Fire extinguisher""], ""amenity_Internet and office"": [""Wifi""], ""amenity_Kitchen and dining"": [""Refrigerator"", ""Dishwasher"", ""Stove"", ""Dishes and silverware"", ""Kitchen"", ""Coffee maker""], ""amenity_Outdoor"": [""Patio or balcony""], ""amenity_Parking and facilities"": [""Free parking on premises""], ""amenity_Services"": [""Host greets you"", ""Long term stays allowed""], ""amenity_Not included"": [""Unavailable: Air conditioning"", ""Unavailable: Carbon monoxide alarm"", ""Unavailable: Private entrance"", ""Unavailable: Shampoo"", ""Unavailable: Smoke alarm"", ""Unavailable: Washer""]}",Uberlandia,Premium
9,8 guests · 3 bedrooms · 0 beds · 2.5 baths,Kitchen,4.93 (15),,Entire home**__**Enhanced Clean**__**Wifi**__**Free cancellation until 3:00 PM on Mar 15**__**House rules,€117/ night,󰀥Check-in:  Flexible**__**󰀥Checkout: 10:00 AM**__**󱤈No smoking**__**󱤆No pets**__**󱤂No parties or events**__**󹀁Committed to Airbnb's enhanced cleaning process. Learn more**__**Airbnb's social-distancing and other COVID-19-related guidelines apply**__**󱠆Carbon monoxide alarm not reported Learn more**__**󱠁Smoke alarm,"{""amenity_Bathroom"": [""Hot water"", ""Bathtub""], ""amenity_Bedroom and laundry"": [""Washer"", ""Essentials"", ""Hangers"", ""Dryer""], ""amenity_Entertainment"": [""Cable TV"", ""TV""], ""amenity_Family"": [""High chair"", ""Baby bath"", ""Crib"", ""Children\u2019s books and toys"", ""Pack \u2019n Play/travel crib""], ""amenity_Heating and cooling"": [""Heating""], ""amenity_Home safety"": [""Unavailable: Security cameras on property"", ""Fire extinguisher"", ""Smoke alarm""], ""amenity_Internet and office"": [""Wifi"", ""Dedicated workspace""], ""amenity_Kitchen and dining"": [""Oven"", ""Coffee maker"", ""Baking sheet"", ""Dishwasher"", ""Stove"", ""Dishes and silverware"", ""Cooking basics"", ""Refrigerator"", ""Kitchen""], ""amenity_Location features"": [""Private entrance"", ""Ski-in/Ski-out""], ""amenity_Outdoor"": [""Patio or balcony"", ""BBQ grill"", ""Garden or backyard""], ""amenity_Parking and facilities"": [""Free parking on premises""], ""amenity_Services"": [""Long term stays allowed"", ""Luggage dropoff allowed"", ""Host greets you""], ""amenity_Not included"": [""Unavailable: Hair dryer"", ""Unavailable: Shampoo"", ""Unavailable: Air conditioning"", ""Unavailable: Carbon monoxide alarm""]}",Uberlandia,Premium
10,7 guests · 4 bedrooms · 4 beds · 2 baths,Hosted by a business · Kitchen,4.70 (29),,Entire home**__**Enhanced Clean**__**Great check-in experience**__**Cancellation policy**__**House rules,€140/ night,󰀥Check-in:  3:00 PM - 10:00 PM**__**󰀥Checkout: 9:00 AM**__**󱤈No smoking**__**󱤆No pets**__**󱤂No parties or events**__**󹀁Committed to Airbnb's enhanced cleaning process. Learn more**__**Airbnb's social-distancing and other COVID-19-related guidelines apply**__**󱠆Carbon monoxide alarm not reported Learn more**__**󱠆Smoke alarm not reported Learn more,"{""amenity_Bathroom"": [""Hair dryer"", ""Hot water""], ""amenity_Bedroom and laundry"": [""Hangers"", ""Bed linens"", ""Washer"", ""Essentials""], ""amenity_Entertainment"": [""TV""], ""amenity_Family"": [""Pack \u2019n Play/travel crib""], ""amenity_Heating and cooling"": [""Heating""], ""amenity_Internet and office"": [""Wifi""], ""amenity_Kitchen and dining"": [""Refrigerator"", ""Coffee maker"", ""Oven"", ""Stove"", ""Kitchen"", ""Dishes and silverware"", ""Dishwasher"", ""Cooking basics""], ""amenity_Location features"": [""Private entrance""], ""amenity_Outdoor"": [""Patio or balcony""], ""amenity_Parking and facilities"": [""Free street parking"", ""Free parking on premises""], ""amenity_Services"": [""Long term stays allowed""], ""amenity_Not included"": [""Unavailable: Air conditioning"", ""Unavailable: Carbon monoxide alarm"", ""Unavailable: Shampoo"", ""Unavailable: Smoke alarm""]}",Uberlandia,Premium
11,10 guests · 4 bedrooms · 0 beds · 2.5 baths,Kitchen,4.63 (9),,Entire home**__**Enhanced Clean**__**Experienced host**__**Cancellation policy**__**House rules,€146/ night,󰀥Check-in:  12:00 PM - 10:00 PM**__**󰀥Checkout: 10:00 AM**__**󱤈No smoking**__**󱤂No parties or events**__**󱤅Pets are allowed**__**󱠁Long term stays (28 days or more) are allowed**__**󹀁Committed to Airbnb's enhanced cleaning process. Learn more**__**Airbnb's social-distancing and other COVID-19-related guidelines apply**__**󱠆Carbon monoxide alarm not reported Learn more**__**󱠁Smoke alarm,"{""amenity_Bathroom"": [""Hot water"", ""Bathtub""], ""amenity_Bedroom and laundry"": [""Hangers"", ""Bed linens"", ""Essentials""], ""amenity_Entertainment"": [""TV"", ""Cable TV""], ""amenity_Family"": [""Pack \u2019n Play/travel crib"", ""High chair""], ""amenity_Heating and cooling"": [""Heating""], ""amenity_Home safety"": [""Unavailable: Security cameras on property"", ""Fire extinguisher"", ""Smoke alarm""], ""amenity_Internet and office"": [""Wifi""], ""amenity_Kitchen and dining"": [""Stove"", ""Dishes and silverware"", ""Refrigerator"", ""Coffee maker"", ""Kitchen"", ""Cooking basics"", ""Baking sheet"", ""Dishwasher"", ""Microwave"", ""Oven""], ""amenity_Location features"": [""Private entrance""], ""amenity_Outdoor"": [""Patio or balcony"", ""Garden or backyard"", ""BBQ grill""], ""amenity_Parking and facilities"": [""Free parking on premises""], ""amenity_Services"": [""Luggage dropoff allowed""], ""amenity_Not included"": [""Unavailable: Washer"", ""Unavailable: Carbon monoxide alarm"", ""Unavailable: Shampoo"", ""Unavailable: Hair dryer"", ""Unavailable: Air conditioning""]}",Uberlandia,Premium
12,6 guests · 3 bedrooms · 3 beds · 2 baths,Kitchen,4.67 (3),,Entire home**__**Enhanced Clean**__**Claudia is a Superhost**__**Free cancellation until 3:00 PM on Mar 15**__**House rules,€160/ night,"󱤈No smoking**__**󱤂No parties or events**__**󱠁Long term stays (28 days or more) are allowed**__**󹀁Committed to Airbnb's enhanced cleaning process. Learn more**__**Airbnb's social-distancing and other COVID-19-related guidelines apply**__**󱠃No carbon monoxide alarm**__**󱠃No smoke alarm**__**󱠃Nearby lake, river, other body of water","{""amenity_Bathroom"": [""Hot water"", ""Hair dryer""], ""amenity_Bedroom and laundry"": [""Iron"", ""Hangers"", ""Essentials""], ""amenity_Entertainment"": [""TV""], ""amenity_Heating and cooling"": [""Heating""], ""amenity_Home safety"": [""Unavailable: Security cameras on property"", ""Fire extinguisher""], ""amenity_Internet and office"": [""Wifi"", ""Dedicated workspace""], ""amenity_Kitchen and dining"": [""Kitchen""], ""amenity_Location features"": [""Private entrance""], ""amenity_Outdoor"": [""Patio or balcony""], ""amenity_Parking and facilities"": [""Free parking on premises""], ""amenity_Not included"": [""Unavailable: Carbon monoxide alarm"", ""Unavailable: Air conditioning"", ""Unavailable: Shampoo"", ""Unavailable: Smoke alarm"", ""Unavailable: Washer""]}",Uberlandia,Premium
13,6 guests · 2 bedrooms · 3 beds · 1 bath,Kitchen,empty,,Entire home**__**Enhanced Clean**__**Experienced host**__**Cancellation policy**__**House rules,€193/ night,"󰀥Check-in:  After 4:00 PM**__**󰀥Checkout: 12:00 PM**__**󱤈No smoking**__**󱤆No pets**__**󹀁Committed to Airbnb's enhanced cleaning process. Learn more**__**Airbnb's social-distancing and other COVID-19-related guidelines apply**__**󱠆Carbon monoxide alarm not reported Learn more**__**󱠆Smoke alarm not reported Learn more**__**󰐂Security Deposit - if you damage the home, you may be charged up to €100","{""amenity_Bedroom and laundry"": [""Hangers""], ""amenity_Entertainment"": [""TV""], ""amenity_Heating and cooling"": [""Heating""], ""amenity_Internet and office"": [""Wifi"", ""Dedicated workspace""], ""amenity_Kitchen and dining"": [""Kitchen"", ""Refrigerator"", ""Dishwasher"", ""Oven"", ""Coffee maker""], ""amenity_Location features"": [""Private entrance""], ""amenity_Parking and facilities"": [""Free street parking""], ""amenity_Services"": [""Long term stays allowed""], ""amenity_Not included"": [""Unavailable: Essentials"", ""Unavailable: Carbon monoxide alarm"", ""Unavailable: Hair dryer"", ""Unavailable: Smoke alarm"", ""Unavailable: Air conditioning"", ""Unavailable: Washer"", ""Unavailable: Shampoo""]}",Uberlandia,Premium
14,4 guests · 3 bedrooms · 3 beds · 1 bath,Kitchen,empty,Entire home**__**Enhanced Clean**__**Cancellation policy**__**House rules,,€80/ night,󰀥Check-in:  After 4:00 PM**__**󰀥Checkout: 10:00 AM**__**󱤈No smoking**__**󱤅Pets are allowed**__**󱠁Long term stays (28 days or more) are allowed**__**󹀁Committed to Airbnb's enhanced cleaning process. Learn more**__**Airbnb's social-distancing and other COVID-19-related guidelines apply**__**󱠆Carbon monoxide alarm not reported Learn more**__**󱠆Smoke alarm not reported Learn more,"{""amenity_Bedroom and laundry"": [""Hangers""], ""amenity_Entertainment"": [""TV""], ""amenity_Heating and cooling"": [""Heating""], ""amenity_Internet and office"": [""Wifi"", ""Dedicated workspace""], ""amenity_Kitchen and dining"": [""Kitchen"", ""Microwave"", ""Refrigerator"", ""Oven"", ""Coffee maker"", ""Dishwasher""], ""amenity_Location features"": [""Private entrance""], ""amenity_Parking and facilities"": [""Free street parking""], ""amenity_Not included"": [""Unavailable: Washer"", ""Unavailable: Essentials"", ""Unavailable: Smoke alarm"", ""Unavailable: Carbon monoxide alarm"", ""Unavailable: Shampoo"", ""Unavailable: Air conditioning"", ""Unavailable: Hair dryer""]}",Uberlandia,Premium
15,4 guests · 1 bedroom · 5 beds · 1 bath,Kitchen,5.0 (6),Entire home**__**Enhanced Clean**__**Pool**__**Free cancellation until 3:00 PM on Mar 11**__**House rules,,€196/ night,󰀥Check-in:  Flexible**__**󱤄Not suitable for children and infants**__**󱤈No smoking**__**󱤆No pets**__**󱤂No parties or events**__**󱠁Long term stays (28 days or more) are allowed**__**󹀁Committed to Airbnb's enhanced cleaning process. Learn more**__**Airbnb's social-distancing and other COVID-19-related guidelines apply**__**󱠆Carbon monoxide alarm not reported Learn more**__**󱠆Smoke alarm not reported Learn more,"{""amenity_Bathroom"": [""Bathtub""], ""amenity_Entertainment"": [""TV""], ""amenity_Family"": [""Crib""], ""amenity_Internet and office"": [""Wifi""], ""amenity_Kitchen and dining"": [""Microwave"", ""Oven"", ""Refrigerator"", ""Cooking basics"", ""Dishes and silverware"", ""Stove"", ""Coffee maker"", ""Dishwasher"", ""Kitchen""], ""amenity_Outdoor"": [""Patio or balcony""], ""amenity_Parking and facilities"": [""Pool"", ""Free parking on premises""], ""amenity_Not included"": [""Unavailable: Washer"", ""Unavailable: Essentials"", ""Unavailable: Private entrance"", ""Unavailable: Heating"", ""Unavailable: Shampoo"", ""Unavailable: Smoke alarm"", ""Unavailable: Carbon monoxide alarm"", ""Unavailable: Hair dryer"", ""Unavailable: Air conditioning""]}",Uberlandia,Premium
16,8 guests · 4 bedrooms · 8 beds · 2 baths,Kitchen,4.92 (13),,Entire home**__**Enhanced Clean**__**Pets allowed**__**Free cancellation until 12:00 PM on Mar 15**__**House rules,€140/ night,󰀥Check-in:  12:00 PM - 10:00 PM**__**󰀥Checkout: 10:00 AM**__**󱤈No smoking**__**󱤂No parties or events**__**󱤅Pets are allowed**__**󹀁Committed to Airbnb's enhanced cleaning process. Learn more**__**Airbnb's social-distancing and other COVID-19-related guidelines apply**__**󱠆Carbon monoxide alarm not reported Learn more**__**󱠆Smoke alarm not reported Learn more,"{""amenity_Bedroom and laundry"": [""Dryer"", ""Washer"", ""Essentials"", ""Hangers""], ""amenity_Entertainment"": [""TV""], ""amenity_Heating and cooling"": [""Heating""], ""amenity_Internet and office"": [""Wifi""], ""amenity_Kitchen and dining"": [""Kitchen""], ""amenity_Parking and facilities"": [""Free parking on premises""], ""amenity_Services"": [""Long term stays allowed""], ""amenity_Not included"": [""Unavailable: Shampoo"", ""Unavailable: Hair dryer"", ""Unavailable: Carbon monoxide alarm"", ""Unavailable: Private entrance"", ""Unavailable: Smoke alarm"", ""Unavailable: Air conditioning""]}",Uberlandia,Premium
17,7 guests · 3 bedrooms · 5 beds · 2 baths,Kitchen,empty,Entire home**__**Enhanced Clean**__**Cancellation policy**__**House rules,,€126/ night,󰀥Check-in:  After 3:00 PM**__**󰀥Checkout: 9:00 AM**__**󱤈No smoking**__**󱤅Pets are allowed**__**󱠁Long term stays (28 days or more) are allowed**__**󹀁Committed to Airbnb's enhanced cleaning process. Learn more**__**Airbnb's social-distancing and other COVID-19-related guidelines apply**__**󱠆Carbon monoxide alarm not reported Learn more**__**󱠆Smoke alarm not reported Learn more,"{""amenity_Bathroom"": [""Bathtub""], ""amenity_Bedroom and laundry"": [""Hangers""], ""amenity_Entertainment"": [""TV""], ""amenity_Heating and cooling"": [""Heating""], ""amenity_Internet and office"": [""Wifi"", ""Dedicated workspace""], ""amenity_Kitchen and dining"": [""Kitchen"", ""Coffee maker"", ""Oven"", ""Refrigerator""], ""amenity_Location features"": [""Private entrance""], ""amenity_Not included"": [""Unavailable: Smoke alarm"", ""Unavailable: Washer"", ""Unavailable: Hair dryer"", ""Unavailable: Carbon monoxide alarm"", ""Unavailable: Air conditioning"", ""Unavailable: Shampoo"", ""Unavailable: Essentials""]}",Uberlandia,Premium
18,4 guests · 2 bedrooms · 3 beds · 1 bath,Kitchen,4.90 (43),,Entire home**__**Enhanced Clean**__**Kathrin is a Superhost**__**Free cancellation until 3:00 PM on Mar 11**__**House rules,€130/ night,"󰀥Check-in:  After 3:00 PM**__**󰀥Checkout: 9:00 AM**__**󱤈No smoking**__**󱤆No pets**__**󱤂No parties or events**__**󱠁Long term stays (28 days or more) are allowed**__**󹀁Committed to Airbnb's enhanced cleaning process. Learn more**__**Airbnb's social-distancing and other COVID-19-related guidelines apply**__**󱠁Carbon monoxide detector not required Learn more**__**󱠁Smoke alarm**__**󰐂Security Deposit - if you damage the home, you may be charged up to €150","{""amenity_Bathroom"": [""Hot water"", ""Hair dryer"", ""Fl\u00fcssigseife body soap""], ""amenity_Bedroom and laundry"": [""Bed linens"", ""Essentials"", ""Extra pillows and blankets"", ""Clothing storage: wardrobe"", ""Paid washer"", ""Hangers"", ""Room-darkening shades"", ""Iron""], ""amenity_Entertainment"": [""HDTV""], ""amenity_Family"": [""Pack \u2019n Play/travel crib"", ""Board games"", ""Children\u2019s books and toys""], ""amenity_Heating and cooling"": [""Central heating""], ""amenity_Home safety"": [""Unavailable: Security cameras on property"", ""Fire extinguisher"", ""Smoke alarm""], ""amenity_Internet and office"": [""Wifi"", ""Dedicated workspace""], ""amenity_Kitchen and dining"": [""Oven"", ""Toaster"", ""mit Gefrierfach refrigerator"", ""Dishwasher"", ""Stove"", ""Microwave"", ""Hot water kettle"", ""Dining table"", ""Dishes and silverware"", ""Kitchen"", ""Baking sheet"", ""Nespresso machine"", ""Wine glasses"", ""Cooking basics"", ""Coffee maker""], ""amenity_Location features"": [""Private entrance""], ""amenity_Outdoor"": [""Outdoor dining area"", ""Patio or balcony""], ""amenity_Parking and facilities"": [""Single level home"", ""Free street parking"", ""Free parking on premises""], ""amenity_Services"": [""Host greets you""], ""amenity_Not included"": [""Unavailable: Air conditioning"", ""Unavailable: Carbon monoxide alarm"", ""Unavailable: Shampoo""]}",Uberlandia,Premium
19,4 guests · 1 bedroom · 2 beds · 1 bath,Kitchen,5.0 (26),Entire home**__**Enhanced Clean**__**Sarah is a Superhost**__**Free cancellation until 3:00 PM on Mar 11**__**House rules,,€70/ night,󰀥Check-in:  3:00 PM - 10:00 PM**__**󰀥Checkout: 9:00 AM**__**󱤈No smoking**__**󱤆No pets**__**󱤂No parties or events**__**󹀁Committed to Airbnb's enhanced cleaning process. Learn more**__**Airbnb's social-distancing and other COVID-19-related guidelines apply**__**󱠆Carbon monoxide alarm not reported Learn more**__**󱠆Smoke alarm not reported Learn more,"{""amenity_Bathroom"": [""Hot water""], ""amenity_Bedroom and laundry"": [""Hangers"", ""Washer"", ""Essentials""], ""amenity_Entertainment"": [""TV""], ""amenity_Heating and cooling"": [""Heating"", ""Indoor fireplace""], ""amenity_Home safety"": [""Unavailable: Security cameras on property"", ""Fire extinguisher""], ""amenity_Internet and office"": [""Wifi""], ""amenity_Kitchen and dining"": [""Coffee maker"", ""Dishwasher"", ""Oven"", ""Refrigerator"", ""Kitchen"", ""Stove"", ""Dishes and silverware"", ""Cooking basics""], ""amenity_Outdoor"": [""Garden or backyard"", ""Patio or balcony""], ""amenity_Parking and facilities"": [""Single level home"", ""Free parking on premises""], ""amenity_Services"": [""Luggage dropoff allowed""], ""amenity_Not included"": [""Unavailable: Air conditioning"", ""Unavailable: Private entrance"", ""Unavailable: Carbon monoxide alarm"", ""Unavailable: Hair dryer"", ""Unavailable: Shampoo"", ""Unavailable: Smoke alarm""]}",Uberlandia,Premium
20,8 guests · 4 bedrooms · 6 beds · 4 baths,Hosted by a business · Kitchen,empty,,Entire home**__**Enhanced Clean**__**Cancellation policy**__**House rules,€124/ night,󰀥Check-in:  After 4:00 PM**__**󰀥Checkout: 10:00 AM**__**󱤈No smoking**__**󱤅Pets are allowed**__**󹀁Committed to Airbnb's enhanced cleaning process. Learn more**__**Airbnb's social-distancing and other COVID-19-related guidelines apply**__**󱠆Carbon monoxide alarm not reported Learn more**__**󱠆Smoke alarm not reported Learn more,"{""amenity_Bedroom and laundry"": [""Hangers""], ""amenity_Entertainment"": [""TV""], ""amenity_Heating and cooling"": [""Heating""], ""amenity_Internet and office"": [""Dedicated workspace""], ""amenity_Kitchen and dining"": [""Oven"", ""Kitchen"", ""Refrigerator"", ""Coffee maker"", ""Microwave""], ""amenity_Location features"": [""Private entrance""], ""amenity_Parking and facilities"": [""Free street parking""], ""amenity_Services"": [""Long term stays allowed""], ""amenity_Not included"": [""Unavailable: Hair dryer"", ""Unavailable: Shampoo"", ""Unavailable: Smoke alarm"", ""Unavailable: Essentials"", ""Unavailable: Washer"", ""Unavailable: Wifi"", ""Unavailable: Air conditioning"", ""Unavailable: Carbon monoxide alarm""]}",Uberlandia,Premium
21,6 guests · 2 bedrooms · 4 beds · 1.5 baths,Kitchen,empty,Entire home**__**Enhanced Clean**__**Self check-in**__**Free cancellation until 3:00 PM on Mar 11**__**House rules,,€193/ night,󰀥Check-in:  3:00 PM - 6:00 PM**__**󰀥Checkout: 9:00 AM**__**󰄄Self check-in with lockbox**__**󱤈No smoking**__**󱤆No pets**__**󱤂No parties or events**__**󱠁Long term stays (28 days or more) are allowed**__**󹀁Committed to Airbnb's enhanced cleaning process. Learn more**__**Airbnb's social-distancing and other COVID-19-related guidelines apply**__**󱠃No carbon monoxide alarm**__**󱠃No smoke alarm**__**󱠃Security camera/recording device Learn more,"{""amenity_Bathroom"": [""Hair dryer""], ""amenity_Bedroom and laundry"": [""Hangers"", ""Essentials""], ""amenity_Entertainment"": [""TV""], ""amenity_Heating and cooling"": [""Heating""], ""amenity_Home safety"": [""Security cameras on property"", ""Fire extinguisher""], ""amenity_Internet and office"": [""Dedicated workspace"", ""Wifi""], ""amenity_Kitchen and dining"": [""Dishes and silverware"", ""Coffee maker"", ""Kitchen""], ""amenity_Parking and facilities"": [""Free street parking"", ""Free parking on premises""], ""amenity_Services"": [""Lockbox""], ""amenity_Not included"": [""Unavailable: Carbon monoxide alarm"", ""Unavailable: Private entrance"", ""Unavailable: Shampoo"", ""Unavailable: Air conditioning"", ""Unavailable: Smoke alarm"", ""Unavailable: Washer""]}",Uberlandia,Premium
22,6 guests · 2 bedrooms · 5 beds · 2 baths,Hosted by a business · Kitchen,4.67 (3 reviews),Entire home**__**Enhanced Clean**__**Great location**__**Cancellation policy**__**House rules,,€191/ night,󰀥Check-in:  After 4:00 PM**__**󰀥Checkout: 10:00 AM**__**󱤈No smoking**__**󱤆No pets**__**󱤂No parties or events**__**󹀁Committed to Airbnb's enhanced cleaning process. Learn more**__**Airbnb's social-distancing and other COVID-19-related guidelines apply**__**󱠆Carbon monoxide alarm not reported Learn more**__**󱠆Smoke alarm not reported Learn more,{},Uberlandia,Premium
23,4 guests · 1 bedroom · 2 beds · 1 bath,Kitchen,empty,Entire home**__**Enhanced Clean**__**Pets allowed**__**Free cancellation until 8:00 AM on Mar 15**__**House rules,,€210/ night,"󰀥Check-in:  8:00 AM - 11:00 PM**__**󰀥Checkout: 10:00 AM**__**󱤂No parties or events**__**󱤅Pets are allowed**__**󱤇Smoking is allowed**__**󹀁Committed to Airbnb's enhanced cleaning process. Learn more**__**Airbnb's social-distancing and other COVID-19-related guidelines apply**__**󱠆Carbon monoxide alarm not reported Learn more**__**󱠃Nearby lake, river, other body of water**__**󱠁Smoke alarm","{""amenity_Bathroom"": [""Hot water"", ""Hair dryer""], ""amenity_Bedroom and laundry"": [""Hangers"", ""Washer"", ""Essentials"", ""Dryer""], ""amenity_Entertainment"": [""TV""], ""amenity_Family"": [""Crib"", ""High chair"", ""Children\u2019s books and toys""], ""amenity_Heating and cooling"": [""Heating""], ""amenity_Home safety"": [""Unavailable: Security cameras on property"", ""Smoke alarm"", ""Fire extinguisher""], ""amenity_Internet and office"": [""Wifi"", ""Dedicated workspace""], ""amenity_Kitchen and dining"": [""Kitchen""], ""amenity_Location features"": [""Private entrance""], ""amenity_Parking and facilities"": [""Free parking on premises""], ""amenity_Services"": [""Long term stays allowed"", ""Luggage dropoff allowed""], ""amenity_Not included"": [""Unavailable: Carbon monoxide alarm"", ""Unavailable: Air conditioning"", ""Unavailable: Shampoo""]}",Uberlandia,Premium
24,4 guests · 2 bedrooms · 4 beds · 1 bath,Kitchen,4.91 (55 reviews),Entire home**__**Enhanced Clean**__**Michaela is a Superhost**__**Free cancellation until 4:00 PM on Mar 11**__**House rules,,€94/ night,"󰀥Check-in:  4:00 PM - 9:00 PM**__**󰀥Checkout: 9:00 AM**__**󱤈No smoking**__**󱤆No pets**__**󱤂No parties or events**__**󹀁Committed to Airbnb's enhanced cleaning process. Learn more**__**Airbnb's social-distancing and other COVID-19-related guidelines apply**__**󱠆Carbon monoxide alarm not reported Learn more**__**󱠆Smoke alarm not reported Learn more**__**󰐂Security Deposit - if you damage the home, you may be charged up to €100",{},Uberlandia,Premium
25,6 guests · 3 bedrooms · 3 beds · 1 bath,Kitchen,empty,,Entire home**__**Enhanced Clean**__**Experienced host**__**Cancellation policy**__**House rules,€117/ night,󰀥Check-in:  After 4:00 PM**__**󰀥Checkout: 9:00 AM**__**󱤈No smoking**__**󱤆No pets**__**󱠁Long term stays (28 days or more) are allowed**__**󹀁Committed to Airbnb's enhanced cleaning process. Learn more**__**Airbnb's social-distancing and other COVID-19-related guidelines apply**__**󱠆Carbon monoxide alarm not reported Learn more**__**󱠆Smoke alarm not reported Learn more,"{""amenity_Bedroom and laundry"": [""Hangers"", ""Essentials""], ""amenity_Entertainment"": [""TV""], ""amenity_Heating and cooling"": [""Heating""], ""amenity_Internet and office"": [""Wifi"", ""Dedicated workspace""], ""amenity_Kitchen and dining"": [""Kitchen"", ""Coffee maker"", ""Microwave""], ""amenity_Location features"": [""Private entrance""], ""amenity_Parking and facilities"": [""Free street parking""], ""amenity_Not included"": [""Unavailable: Carbon monoxide alarm"", ""Unavailable: Air conditioning"", ""Unavailable: Washer"", ""Unavailable: Hair dryer"", ""Unavailable: Smoke alarm"", ""Unavailable: Shampoo""]}",Uberlandia,Premium
26,6 guests · 2 bedrooms · 4 beds · 1 bath,Kitchen,empty,Entire home**__**Enhanced Clean**__**Free cancellation until 1:00 PM on Mar 11**__**House rules,,€196/ night,󰀥Check-in:  1:00 PM - 6:00 PM**__**󰀥Checkout: 9:00 AM**__**󱤈No smoking**__**󱤆No pets**__**󱤂No parties or events**__**󹀁Committed to Airbnb's enhanced cleaning process. Learn more**__**Airbnb's social-distancing and other COVID-19-related guidelines apply**__**󱠆Carbon monoxide alarm not reported Learn more**__**󱠁Smoke alarm,"{""amenity_Bathroom"": [""Hot water"", ""Shampoo"", ""Body soap"", ""Hair dryer""], ""amenity_Bedroom and laundry"": [""Bed linens"", ""Essentials"", ""Hangers""], ""amenity_Entertainment"": [""TV""], ""amenity_Heating and cooling"": [""Heating""], ""amenity_Home safety"": [""Unavailable: Security cameras on property"", ""Smoke alarm"", ""Fire extinguisher""], ""amenity_Internet and office"": [""Wifi""], ""amenity_Kitchen and dining"": [""Dishes and silverware"", ""Refrigerator"", ""Cooking basics"", ""Dishwasher"", ""Kitchen"", ""Stove"", ""Nespresso machine"", ""Microwave""], ""amenity_Outdoor"": [""Patio or balcony""], ""amenity_Parking and facilities"": [""Free parking on premises""], ""amenity_Services"": [""Long term stays allowed""], ""amenity_Not included"": [""Unavailable: Washer"", ""Unavailable: Carbon monoxide alarm"", ""Unavailable: Private entrance"", ""Unavailable: Air conditioning""]}",Uberlandia,Premium
27,5 guests · 2 bedrooms · 4 beds · 1 bath,Kitchen,empty,,Entire home**__**Enhanced Clean**__**Cancellation policy**__**House rules,€92/ night,󰀥Check-in:  After 4:00 PM**__**󰀥Checkout: 9:00 AM**__**󱤈No smoking**__**󱤅Pets are allowed**__**󱠁Long term stays (28 days or more) are allowed**__**󹀁Committed to Airbnb's enhanced cleaning process. Learn more**__**Airbnb's social-distancing and other COVID-19-related guidelines apply**__**󱠆Carbon monoxide alarm not reported Learn more**__**󱠆Smoke alarm not reported Learn more,"{""amenity_Bathroom"": [""Bathtub""], ""amenity_Bedroom and laundry"": [""Hangers""], ""amenity_Entertainment"": [""TV""], ""amenity_Heating and cooling"": [""Heating""], ""amenity_Internet and office"": [""Wifi"", ""Dedicated workspace""], ""amenity_Kitchen and dining"": [""Kitchen"", ""Microwave"", ""Refrigerator"", ""Oven"", ""Coffee maker""], ""amenity_Location features"": [""Private entrance""], ""amenity_Not included"": [""Unavailable: Washer"", ""Unavailable: Essentials"", ""Unavailable: Smoke alarm"", ""Unavailable: Carbon monoxide alarm"", ""Unavailable: Shampoo"", ""Unavailable: Air conditioning"", ""Unavailable: Hair dryer""]}",Uberlandia,Premium
28,6 guests · 4 bedrooms · 6 beds · 2 baths,Kitchen,empty,Entire home**__**Enhanced Clean**__**Cancellation policy**__**House rules,,€136/ night,󰀥Check-in:  After 4:00 PM**__**󰀥Checkout: 9:00 AM**__**󱤈No smoking**__**󱤅Pets are allowed**__**󱠁Long term stays (28 days or more) are allowed**__**󹀁Committed to Airbnb's enhanced cleaning process. Learn more**__**Airbnb's social-distancing and other COVID-19-related guidelines apply**__**󱠆Carbon monoxide alarm not reported Learn more**__**󱠆Smoke alarm not reported Learn more,"{""amenity_Bedroom and laundry"": [""Washer"", ""Hangers""], ""amenity_Entertainment"": [""TV""], ""amenity_Heating and cooling"": [""Heating""], ""amenity_Internet and office"": [""Dedicated workspace"", ""Wifi""], ""amenity_Kitchen and dining"": [""Microwave"", ""Oven"", ""Coffee maker"", ""Kitchen"", ""Refrigerator"", ""Dishwasher""], ""amenity_Location features"": [""Private entrance""], ""amenity_Parking and facilities"": [""Free street parking""], ""amenity_Not included"": [""Unavailable: Hair dryer"", ""Unavailable: Shampoo"", ""Unavailable: Air conditioning"", ""Unavailable: Smoke alarm"", ""Unavailable: Carbon monoxide alarm"", ""Unavailable: Essentials""]}",Uberlandia,Premium
29,6 guests · 3 bedrooms · 3 beds · 1 bath,Kitchen,empty,Entire home**__**Enhanced Clean**__**Cancellation policy**__**House rules,,€126/ night,󰀥Check-in:  After 3:00 PM**__**󰀥Checkout: 9:00 AM**__**󱤈No smoking**__**󱤆No pets**__**󱠁Long term stays (28 days or more) are allowed**__**󹀁Committed to Airbnb's enhanced cleaning process. Learn more**__**Airbnb's social-distancing and other COVID-19-related guidelines apply**__**󱠆Carbon monoxide alarm not reported Learn more**__**󱠆Smoke alarm not reported Learn more,"{""amenity_Bathroom"": [""Bathtub""], ""amenity_Bedroom and laundry"": [""Hangers""], ""amenity_Entertainment"": [""TV""], ""amenity_Heating and cooling"": [""Heating""], ""amenity_Internet and office"": [""Wifi"", ""Dedicated workspace""], ""amenity_Kitchen and dining"": [""Kitchen"", ""Refrigerator"", ""Oven"", ""Coffee maker""], ""amenity_Location features"": [""Private entrance""], ""amenity_Not included"": [""Unavailable: Essentials"", ""Unavailable: Carbon monoxide alarm"", ""Unavailable: Hair dryer"", ""Unavailable: Smoke alarm"", ""Unavailable: Air conditioning"", ""Unavailable: Washer"", ""Unavailable: Shampoo""]}",Uberlandia,Premium
30,5 guests · 1 bedroom · 6 beds · 1 bath,Kitchen,empty,,Entire home**__**Enhanced Clean**__**Pool**__**Free cancellation until 3:00 PM on Mar 11**__**House rules,€196/ night,󰀥Check-in:  Flexible**__**󱤄Not suitable for children and infants**__**󱤈No smoking**__**󱤆No pets**__**󱤂No parties or events**__**󹀁Committed to Airbnb's enhanced cleaning process. Learn more**__**Airbnb's social-distancing and other COVID-19-related guidelines apply**__**󱠃No smoke alarm**__**󱠆Carbon monoxide alarm not reported Learn more,{},Uberlandia,Premium
31,6 guests · 2 bedrooms · 6 beds · 1 bath,Kitchen,5.0 (4 reviews),Entire home**__**Enhanced Clean**__**Self check-in**__**Cancellation policy**__**House rules,,€116/ night,"󰀥Check-in:  After 5:00 PM**__**󰀥Checkout: 9:00 AM**__**󰄄Self check-in with lockbox**__**󱤈No smoking**__**󱤆No pets**__**󱤂No parties or events**__**󱠁Long term stays (28 days or more) are allowed**__**󹀁Committed to Airbnb's enhanced cleaning process. Learn more**__**Airbnb's social-distancing and other COVID-19-related guidelines apply**__**󱠃No carbon monoxide alarm**__**󱠃No smoke alarm**__**󰐂Security Deposit - if you damage the home, you may be charged up to €100","{""amenity_Bathroom"": [""Hot water"", ""Bathtub"", ""Hair dryer""], ""amenity_Bedroom and laundry"": [""Essentials"", ""Iron"", ""Extra pillows and blankets"", ""Washer"", ""Hangers"", ""Dryer""], ""amenity_Entertainment"": [""TV"", ""Cable TV""], ""amenity_Family"": [""Crib"", ""High chair"", ""Pack \u2019n Play/travel crib""], ""amenity_Heating and cooling"": [""Heating""], ""amenity_Home safety"": [""Unavailable: Security cameras on property"", ""Fire extinguisher""], ""amenity_Internet and office"": [""Dedicated workspace"", ""Wifi""], ""amenity_Kitchen and dining"": [""Refrigerator"", ""Cooking basics"", ""Stove"", ""Coffee maker"", ""Kitchen"", ""Dishes and silverware"", ""Oven"", ""Dishwasher""], ""amenity_Location features"": [""Private entrance""], ""amenity_Outdoor"": [""Patio or balcony"", ""Garden or backyard""], ""amenity_Parking and facilities"": [""Free parking on premises"", ""Single level home""], ""amenity_Services"": [""Lockbox"", ""Luggage dropoff allowed""], ""amenity_Not included"": [""Unavailable: Smoke alarm"", ""Unavailable: Carbon monoxide alarm"", ""Unavailable: Shampoo"", ""Unavailable: Air conditioning""]}",Uberlandia,Premium
32,6 guests · 2 bedrooms · 4 beds · 2 baths,Kitchen,empty,,Entire home**__**Enhanced Clean**__**Experienced host**__**Cancellation policy**__**House rules,€132/ night,󰀥Check-in:  After 4:00 PM**__**󰀥Checkout: 10:00 AM**__**󱤈No smoking**__**󱤅Pets are allowed**__**󹀁Committed to Airbnb's enhanced cleaning process. Learn more**__**Airbnb's social-distancing and other COVID-19-related guidelines apply**__**󱠆Carbon monoxide alarm not reported Learn more**__**󱠆Smoke alarm not reported Learn more,"{""amenity_Bedroom and laundry"": [""Essentials"", ""Hangers""], ""amenity_Entertainment"": [""TV"", ""Cable TV""], ""amenity_Heating and cooling"": [""Heating""], ""amenity_Internet and office"": [""Wifi"", ""Dedicated workspace""], ""amenity_Kitchen and dining"": [""Oven"", ""Kitchen""], ""amenity_Location features"": [""Private entrance""], ""amenity_Parking and facilities"": [""Free street parking""], ""amenity_Services"": [""Long term stays allowed""], ""amenity_Not included"": [""Unavailable: Shampoo"", ""Unavailable: Hair dryer"", ""Unavailable: Carbon monoxide alarm"", ""Unavailable: Washer"", ""Unavailable: Smoke alarm"", ""Unavailable: Air conditioning""]}",Uberlandia,Premium
33,5 guests · 2 bedrooms · 3 beds · 1 bath,Kitchen,empty,Entire home**__**Enhanced Clean**__**Cancellation policy**__**House rules,,€67/ night,󰀥Check-in:  After 4:00 PM**__**󰀥Checkout: 9:00 AM**__**󱤈No smoking**__**󱤅Pets are allowed**__**󹀁Committed to Airbnb's enhanced cleaning process. Learn more**__**Airbnb's social-distancing and other COVID-19-related guidelines apply**__**󱠆Carbon monoxide alarm not reported Learn more**__**󱠆Smoke alarm not reported Learn more,{},Uberlandia,Premium
34,5 guests · 2 bedrooms · 3 beds · 2 baths,Kitchen,empty,Entire home**__**Enhanced Clean**__**Experienced host**__**Cancellation policy**__**House rules,,€128/ night,󰀥Check-in:  After 4:00 PM**__**󰀥Checkout: 10:00 AM**__**󱤈No smoking**__**󱤅Pets are allowed**__**󱠁Long term stays (28 days or more) are allowed**__**󹀁Committed to Airbnb's enhanced cleaning process. Learn more**__**Airbnb's social-distancing and other COVID-19-related guidelines apply**__**󱠆Carbon monoxide alarm not reported Learn more**__**󱠆Smoke alarm not reported Learn more,"{""amenity_Bedroom and laundry"": [""Hangers"", ""Essentials""], ""amenity_Entertainment"": [""TV"", ""Cable TV""], ""amenity_Heating and cooling"": [""Heating""], ""amenity_Internet and office"": [""Wifi"", ""Dedicated workspace""], ""amenity_Kitchen and dining"": [""Kitchen"", ""Oven""], ""amenity_Location features"": [""Private entrance""], ""amenity_Parking and facilities"": [""Free street parking""], ""amenity_Not included"": [""Unavailable: Carbon monoxide alarm"", ""Unavailable: Hair dryer"", ""Unavailable: Smoke alarm"", ""Unavailable: Air conditioning"", ""Unavailable: Washer"", ""Unavailable: Shampoo""]}",Uberlandia,Premium
35,4 guests · 2 bedrooms · 3 beds · 1 bath,Kitchen,4.90 (43 reviews),,Entire home**__**Enhanced Clean**__**Kathrin is a Superhost**__**Free cancellation until 3:00 PM on Mar 11**__**House rules,€130/ night,"󰀥Check-in:  After 3:00 PM**__**󰀥Checkout: 9:00 AM**__**󱤈No smoking**__**󱤆No pets**__**󱤂No parties or events**__**󱠁Long term stays (28 days or more) are allowed**__**󹀁Committed to Airbnb's enhanced cleaning process. Learn more**__**Airbnb's social-distancing and other COVID-19-related guidelines apply**__**󱠁Carbon monoxide detector not required Learn more**__**󱠁Smoke alarm**__**󰐂Security Deposit - if you damage the home, you may be charged up to €150",{},Uberlandia,Premium
36,4 guests · 2 bedrooms · 4 beds · 1 bath,Kitchen,empty,,Entire home**__**Enhanced Clean**__**Cancellation policy**__**House rules,€108/ night,󰀥Check-in:  After 2:00 PM**__**󰀥Checkout: 7:00 AM**__**󱤈No smoking**__**󱤆No pets**__**󱠁Long term stays (28 days or more) are allowed**__**󹀁Committed to Airbnb's enhanced cleaning process. Learn more**__**Airbnb's social-distancing and other COVID-19-related guidelines apply**__**󱠆Carbon monoxide alarm not reported Learn more**__**󱠆Smoke alarm not reported Learn more,{},Uberlandia,Premium
37,8 guests · 3 bedrooms · 6 beds · 1 bath,Kitchen,empty,Entire home**__**Enhanced Clean**__**Free cancellation until 1:00 PM on Mar 11**__**House rules,,€225/ night,󰀥Check-in:  1:00 PM - 6:00 PM**__**󰀥Checkout: 9:00 AM**__**󱤈No smoking**__**󱤆No pets**__**󱤂No parties or events**__**󹀁Committed to Airbnb's enhanced cleaning process. Learn more**__**Airbnb's social-distancing and other COVID-19-related guidelines apply**__**󱠆Carbon monoxide alarm not reported Learn more**__**󱠁Smoke alarm,"{""amenity_Bathroom"": [""Shampoo"", ""Body soap""], ""amenity_Bedroom and laundry"": [""Essentials""], ""amenity_Entertainment"": [""TV""], ""amenity_Heating and cooling"": [""Heating""], ""amenity_Home safety"": [""Unavailable: Security cameras on property"", ""Smoke alarm"", ""Fire extinguisher""], ""amenity_Internet and office"": [""Wifi""], ""amenity_Kitchen and dining"": [""Nespresso machine"", ""Microwave"", ""Kitchen"", ""Stove"", ""Refrigerator"", ""Dishes and silverware"", ""Dishwasher""], ""amenity_Outdoor"": [""Patio or balcony""], ""amenity_Parking and facilities"": [""Free parking on premises""], ""amenity_Services"": [""Long term stays allowed""], ""amenity_Not included"": [""Unavailable: Air conditioning"", ""Unavailable: Hair dryer"", ""Unavailable: Washer"", ""Unavailable: Carbon monoxide alarm"", ""Unavailable: Private entrance""]}",Uberlandia,Premium
38,8 guests · 4 bedrooms · 4 beds · 3 baths,Kitchen,empty,Entire home**__**Enhanced Clean**__**Cancellation policy**__**House rules,,€160/ night,󰀥Check-in:  After 4:00 PM**__**󰀥Checkout: 10:00 AM**__**󱤈No smoking**__**󱤅Pets are allowed**__**󹀁Committed to Airbnb's enhanced cleaning process. Learn more**__**Airbnb's social-distancing and other COVID-19-related guidelines apply**__**󱠆Carbon monoxide alarm not reported Learn more**__**󱠆Smoke alarm not reported Learn more,"{""amenity_Bathroom"": [""Bathtub""], ""amenity_Bedroom and laundry"": [""Hangers""], ""amenity_Entertainment"": [""TV""], ""amenity_Heating and cooling"": [""Heating""], ""amenity_Internet and office"": [""Wifi"", ""Dedicated workspace""], ""amenity_Kitchen and dining"": [""Oven"", ""Kitchen"", ""Dishwasher"", ""Coffee maker""], ""amenity_Location features"": [""Private entrance""], ""amenity_Parking and facilities"": [""Free street parking""], ""amenity_Services"": [""Long term stays allowed""], ""amenity_Not included"": [""Unavailable: Hair dryer"", ""Unavailable: Shampoo"", ""Unavailable: Smoke alarm"", ""Unavailable: Essentials"", ""Unavailable: Washer"", ""Unavailable: Air conditioning"", ""Unavailable: Carbon monoxide alarm""]}",Uberlandia,Premium
39,4 guests · 2 bedrooms · 2 beds · 1 bath,Kitchen,empty,Entire home**__**Enhanced Clean**__**Pets allowed**__**Free cancellation until 3:00 PM on Mar 11**__**House rules,,€89 €82/ night,󰀥Check-in:  3:00 PM - 9:00 PM**__**󰀥Checkout: 10:00 AM**__**󱤈No smoking**__**󱤂No parties or events**__**󱤅Pets are allowed**__**󹀁Committed to Airbnb's enhanced cleaning process. Learn more**__**Airbnb's social-distancing and other COVID-19-related guidelines apply**__**󱠆Carbon monoxide alarm not reported Learn more**__**󱠆Smoke alarm not reported Learn more,"{""amenity_Bathroom"": [""Hot water"", ""Hair dryer""], ""amenity_Bedroom and laundry"": [""Washer"", ""Essentials"", ""Hangers"", ""Dryer""], ""amenity_Entertainment"": [""TV""], ""amenity_Heating and cooling"": [""Heating""], ""amenity_Internet and office"": [""Wifi"", ""Dedicated workspace""], ""amenity_Kitchen and dining"": [""Kitchen""], ""amenity_Location features"": [""Private entrance""], ""amenity_Parking and facilities"": [""Free parking on premises""], ""amenity_Services"": [""Long term stays allowed""], ""amenity_Not included"": [""Unavailable: Smoke alarm"", ""Unavailable: Carbon monoxide alarm"", ""Unavailable: Shampoo"", ""Unavailable: Air conditioning""]}",Uberlandia,Premium
40,4 guests · 1 bedroom · 5 beds · 1 bath,Kitchen,5.0 (6 reviews),Entire home**__**Enhanced Clean**__**Pool**__**Free cancellation until 3:00 PM on Mar 11**__**House rules,,€196/ night,󰀥Check-in:  Flexible**__**󱤄Not suitable for children and infants**__**󱤈No smoking**__**󱤆No pets**__**󱤂No parties or events**__**󹀁Committed to Airbnb's enhanced cleaning process. Learn more**__**Airbnb's social-distancing and other COVID-19-related guidelines apply**__**󱠆Carbon monoxide alarm not reported Learn more**__**󱠆Smoke alarm not reported Learn more,"{""amenity_Bathroom"": [""Bathtub""], ""amenity_Entertainment"": [""TV""], ""amenity_Family"": [""Crib""], ""amenity_Internet and office"": [""Wifi""], ""amenity_Kitchen and dining"": [""Oven"", ""Dishes and silverware"", ""Refrigerator"", ""Cooking basics"", ""Microwave"", ""Dishwasher"", ""Coffee maker"", ""Stove"", ""Kitchen""], ""amenity_Outdoor"": [""Patio or balcony""], ""amenity_Parking and facilities"": [""Free parking on premises"", ""Pool""], ""amenity_Services"": [""Long term stays allowed""], ""amenity_Not included"": [""Unavailable: Shampoo"", ""Unavailable: Hair dryer"", ""Unavailable: Smoke alarm"", ""Unavailable: Heating"", ""Unavailable: Air conditioning"", ""Unavailable: Carbon monoxide alarm"", ""Unavailable: Private entrance"", ""Unavailable: Washer"", ""Unavailable: Essentials""]}",Uberlandia,Premium
41,10 guests · 4 bedrooms · 10 beds · 2.5 baths,Kitchen,5.0 (9 reviews),,Entire home**__**Enhanced Clean**__**Pets allowed**__**Great communication**__**House rules,€288/ night,"󰀥Check-in:  3:00 PM - 7:00 PM**__**󰀥Checkout: 9:00 AM**__**󱤈No smoking**__**󱤂No parties or events**__**󱤅Pets are allowed**__**󱠁Long term stays (28 days or more) are allowed**__**󹀁Committed to Airbnb's enhanced cleaning process. Learn more**__**Airbnb's social-distancing and other COVID-19-related guidelines apply**__**󱠆Carbon monoxide alarm not reported Learn more**__**󱠆Smoke alarm not reported Learn more**__**󰐂Security Deposit - if you damage the home, you may be charged up to €200","{""amenity_Bathroom"": [""Hair dryer"", ""Hot water""], ""amenity_Bedroom and laundry"": [""Essentials"", ""Hangers"", ""Iron""], ""amenity_Entertainment"": [""TV""], ""amenity_Family"": [""Crib"", ""Children\u2019s books and toys"", ""High chair"", ""Changing table""], ""amenity_Heating and cooling"": [""Heating"", ""Indoor fireplace""], ""amenity_Home safety"": [""Unavailable: Security cameras on property"", ""Fire extinguisher""], ""amenity_Internet and office"": [""Wifi""], ""amenity_Kitchen and dining"": [""Stove"", ""Microwave"", ""Kitchen"", ""Dishes and silverware"", ""Cooking basics"", ""Oven"", ""Refrigerator"", ""Dishwasher"", ""Coffee maker""], ""amenity_Location features"": [""Private entrance""], ""amenity_Outdoor"": [""Garden or backyard"", ""BBQ grill"", ""Patio or balcony""], ""amenity_Parking and facilities"": [""Free parking on premises"", ""Free street parking""], ""amenity_Services"": [""Luggage dropoff allowed"", ""Host greets you""], ""amenity_Not included"": [""Unavailable: Air conditioning"", ""Unavailable: Smoke alarm"", ""Unavailable: Washer"", ""Unavailable: Shampoo"", ""Unavailable: Carbon monoxide alarm""]}",Uberlandia,Premium
42,5 guests · 2 bedrooms · 4 beds · 1 bath,Kitchen,4.88 (8 reviews),,Entire home**__**Enhanced Clean**__**Great location**__**Cancellation policy**__**House rules,€160/ night,󰀥Check-in:  After 4:00 PM**__**󰀥Checkout: 10:00 AM**__**󱤈No smoking**__**󱤆No pets**__**󱤂No parties or events**__**󹀁Committed to Airbnb's enhanced cleaning process. Learn more**__**Airbnb's social-distancing and other COVID-19-related guidelines apply**__**󱠆Carbon monoxide alarm not reported Learn more**__**󱠆Smoke alarm not reported Learn more,"{""amenity_Bathroom"": [""Hot water""], ""amenity_Bedroom and laundry"": [""Hangers"", ""Essentials""], ""amenity_Entertainment"": [""TV""], ""amenity_Heating and cooling"": [""Heating""], ""amenity_Home safety"": [""Unavailable: Security cameras on property"", ""Fire extinguisher""], ""amenity_Internet and office"": [""Wifi"", ""Dedicated workspace""], ""amenity_Kitchen and dining"": [""Kitchen""], ""amenity_Location features"": [""Private entrance""], ""amenity_Parking and facilities"": [""Free parking on premises""], ""amenity_Services"": [""Long term stays allowed"", ""Host greets you""], ""amenity_Not included"": [""Unavailable: Carbon monoxide alarm"", ""Unavailable: Hair dryer"", ""Unavailable: Smoke alarm"", ""Unavailable: Air conditioning"", ""Unavailable: Washer"", ""Unavailable: Shampoo""]}",Uberlandia,Premium
43,7 guests · 3 bedrooms · 4 beds · 1.5 baths,Kitchen,empty,,Entire home**__**Enhanced Clean**__**Self check-in**__**House rules,€318/ night,󰀥Check-in:  4:00 PM - 8:00 PM**__**󰄄Self check-in with lockbox**__**󱤈No smoking**__**󱤆No pets**__**󱤂No parties or events**__**󹀁Committed to Airbnb's enhanced cleaning process. Learn more**__**Airbnb's social-distancing and other COVID-19-related guidelines apply**__**󱠃No carbon monoxide alarm**__**󱠁Smoke alarm,"{""amenity_Bathroom"": [""Hot water"", ""Hair dryer"", ""Cleaning products""], ""amenity_Bedroom and laundry"": [""Bed linens"", ""Essentials"", ""Hangers""], ""amenity_Entertainment"": [""Game console: Xbox One"", ""Cable TV"", ""TV""], ""amenity_Family"": [""High chair"", ""Board games""], ""amenity_Heating and cooling"": [""Heating""], ""amenity_Home safety"": [""Unavailable: Security cameras on property"", ""Smoke alarm"", ""Fire extinguisher""], ""amenity_Internet and office"": [""Wifi"", ""Dedicated workspace""], ""amenity_Kitchen and dining"": [""Dishes and silverware"", ""Baking sheet"", ""Dining table"", ""Freezer"", ""Wine glasses"", ""Refrigerator"", ""Cooking basics"", ""Hot water kettle"", ""Kitchen"", ""Stainless steel induction stove"", ""Coffee maker"", ""Stainless steel oven"", ""Dishwasher"", ""Microwave"", ""Toaster""], ""amenity_Outdoor"": [""Outdoor furniture"", ""Patio or balcony""], ""amenity_Parking and facilities"": [""Free parking on premises""], ""amenity_Services"": [""Lockbox"", ""Long term stays allowed""], ""amenity_Not included"": [""Unavailable: Washer"", ""Unavailable: Carbon monoxide alarm"", ""Unavailable: Shampoo"", ""Unavailable: Private entrance"", ""Unavailable: Air conditioning""]}",Uberlandia,Premium
44,8 guests · 3 bedrooms · 4 beds · 2 baths,Kitchen,5.0 (6 reviews),,Entire home**__**Enhanced Clean**__**Cancellation policy**__**House rules,€166/ night,"󰀥Check-in:  After 3:00 PM**__**󰀥Checkout: 9:00 AM**__**󱤈No smoking**__**󱤂No parties or events**__**󱤅Pets are allowed**__**󱠁Long term stays (28 days or more) are allowed**__**󹀁Committed to Airbnb's enhanced cleaning process. Learn more**__**Airbnb's social-distancing and other COVID-19-related guidelines apply**__**󱠃No carbon monoxide alarm**__**󱠁Smoke alarm**__**󰐂Security Deposit - if you damage the home, you may be charged up to €200","{""amenity_Bathroom"": [""Hot water"", ""Bathtub"", ""Hair dryer""], ""amenity_Bedroom and laundry"": [""Bed linens"", ""Extra pillows and blankets"", ""Washer"", ""Essentials"", ""Hangers""], ""amenity_Entertainment"": [""Game console"", ""TV""], ""amenity_Family"": [""Crib"", ""High chair"", ""Pack \u2019n Play/travel crib""], ""amenity_Heating and cooling"": [""Heating""], ""amenity_Home safety"": [""Unavailable: Security cameras on property"", ""First aid kit"", ""Smoke alarm"", ""Fire extinguisher""], ""amenity_Internet and office"": [""Wifi"", ""Dedicated workspace""], ""amenity_Kitchen and dining"": [""Dishes and silverware"", ""Refrigerator"", ""Cooking basics"", ""Dishwasher"", ""Kitchen"", ""Stove"", ""Coffee maker"", ""Oven"", ""Microwave""], ""amenity_Outdoor"": [""BBQ grill"", ""Patio or balcony"", ""Garden or backyard""], ""amenity_Parking and facilities"": [""Free parking on premises"", ""Free street parking""], ""amenity_Services"": [""Luggage dropoff allowed""], ""amenity_Not included"": [""Unavailable: Carbon monoxide alarm"", ""Unavailable: Shampoo"", ""Unavailable: Private entrance"", ""Unavailable: Air conditioning""]}",Uberlandia,Premium
45,4 guests · 1 bedroom · 4 beds · 1 bath,Kitchen,empty,,Entire home**__**Enhanced Clean**__**Pool**__**Free cancellation until 3:00 PM on Mar 11**__**House rules,€158/ night,󰀥Check-in:  Flexible**__**󱤄Not suitable for children and infants**__**󱤈No smoking**__**󱤆No pets**__**󱤂No parties or events**__**󹀁Committed to Airbnb's enhanced cleaning process. Learn more**__**Airbnb's social-distancing and other COVID-19-related guidelines apply**__**󱠆Carbon monoxide alarm not reported Learn more**__**󱠆Smoke alarm not reported Learn more,{},Uberlandia,Premium
46,6 guests · 2 bedrooms · 3 beds · 1.5 baths,Kitchen,5.0 (10 reviews),Entire home**__**Enhanced Clean**__**Vladimir is a Superhost**__**Cancellation policy**__**House rules,,€193 €158/ night,󰀥Check-in:  After 3:00 PM**__**󰀥Checkout: 10:00 AM**__**󱤈No smoking**__**󱤆No pets**__**󱤂No parties or events**__**󱠁Long term stays (28 days or more) are allowed**__**󹀁Committed to Airbnb's enhanced cleaning process. Learn more**__**Airbnb's social-distancing and other COVID-19-related guidelines apply**__**󱠆Carbon monoxide alarm not reported Learn more**__**󱠆Smoke alarm not reported Learn more,"{""amenity_Bathroom"": [""Hair dryer""], ""amenity_Bedroom and laundry"": [""Essentials"", ""Dryer"", ""Hangers""], ""amenity_Entertainment"": [""TV""], ""amenity_Heating and cooling"": [""Heating""], ""amenity_Internet and office"": [""Dedicated workspace"", ""Wifi""], ""amenity_Kitchen and dining"": [""Kitchen"", ""Oven""], ""amenity_Location features"": [""Private entrance""], ""amenity_Parking and facilities"": [""Free parking on premises"", ""Elevator""], ""amenity_Not included"": [""Unavailable: Smoke alarm"", ""Unavailable: Carbon monoxide alarm"", ""Unavailable: Washer"", ""Unavailable: Air conditioning"", ""Unavailable: Shampoo""]}",Uberlandia,Premium
47,6 guests · 2 bedrooms · 6 beds · 1 bath,Hosted by a business · Kitchen,4.67 (3 reviews),Entire home**__**Enhanced Clean**__**Gerber is a Superhost**__**Free cancellation until 2:00 PM on Mar 15**__**House rules,,€160/ night,󰀥Check-in:  2:00 PM - 10:00 PM**__**󰀥Checkout: 9:00 AM**__**󱤈No smoking**__**󱤂No parties or events**__**󱤅Pets are allowed**__**󹀁Committed to Airbnb's enhanced cleaning process. Learn more**__**Airbnb's social-distancing and other COVID-19-related guidelines apply**__**󱠆Carbon monoxide alarm not reported Learn more**__**󱠆Smoke alarm not reported Learn more,{},Uberlandia,Premium
48,8 guests · 3 bedrooms · 8 beds · 3 baths,Kitchen,4.27 (15 reviews),Entire home**__**Enhanced Clean**__**Great location**__**Free cancellation until 2:00 PM on Mar 15**__**House rules,,€97/ night,"󰀥Check-in:  2:00 PM - 11:00 PM**__**󰀥Checkout: 11:00 AM**__**󱤈No smoking**__**󱤂No parties or events**__**󱤅Pets are allowed**__**󱠁Long term stays (28 days or more) are allowed**__**󹀁Committed to Airbnb's enhanced cleaning process. Learn more**__**Airbnb's social-distancing and other COVID-19-related guidelines apply**__**󱠆Carbon monoxide alarm not reported Learn more**__**󱠃Nearby lake, river, other body of water**__**󱠁Smoke alarm","{""amenity_Bathroom"": [""Hot water""], ""amenity_Bedroom and laundry"": [""Iron"", ""Essentials"", ""Hangers""], ""amenity_Entertainment"": [""TV""], ""amenity_Heating and cooling"": [""Heating""], ""amenity_Home safety"": [""Unavailable: Security cameras on property"", ""Fire extinguisher"", ""Smoke alarm""], ""amenity_Internet and office"": [""Wifi""], ""amenity_Kitchen and dining"": [""Baking sheet"", ""Oven"", ""Coffee maker"", ""Stove"", ""Dishes and silverware"", ""Cooking basics"", ""Refrigerator"", ""Kitchen""], ""amenity_Location features"": [""Private entrance""], ""amenity_Outdoor"": [""Patio or balcony"", ""Garden or backyard""], ""amenity_Parking and facilities"": [""Free parking on premises"", ""Free street parking""], ""amenity_Services"": [""Breakfast""], ""amenity_Not included"": [""Unavailable: Washer"", ""Unavailable: Hair dryer"", ""Unavailable: Shampoo"", ""Unavailable: Air conditioning"", ""Unavailable: Carbon monoxide alarm""]}",Uberlandia,Premium
49,6 guests · 2 bedrooms · 4 beds · 2 baths,Kitchen,empty,Entire home**__**Enhanced Clean**__**Experienced host**__**Cancellation policy**__**House rules,,€151/ night,󰀥Check-in:  After 4:00 PM**__**󰀥Checkout: 10:00 AM**__**󱤈No smoking**__**󱤆No pets**__**󱠁Long term stays (28 days or more) are allowed**__**󹀁Committed to Airbnb's enhanced cleaning process. Learn more**__**Airbnb's social-distancing and other COVID-19-related guidelines apply**__**󱠆Carbon monoxide alarm not reported Learn more**__**󱠆Smoke alarm not reported Learn more,"{""amenity_Bedroom and laundry"": [""Hangers"", ""Essentials""], ""amenity_Entertainment"": [""TV""], ""amenity_Heating and cooling"": [""Heating""], ""amenity_Kitchen and dining"": [""Kitchen"", ""Coffee maker"", ""Dishwasher""], ""amenity_Location features"": [""Private entrance""], ""amenity_Parking and facilities"": [""Free street parking""], ""amenity_Not included"": [""Unavailable: Smoke alarm"", ""Unavailable: Wifi"", ""Unavailable: Washer"", ""Unavailable: Hair dryer"", ""Unavailable: Carbon monoxide alarm"", ""Unavailable: Air conditioning"", ""Unavailable: Shampoo""]}",Uberlandia,Premium
50,6 guests · 2 bedrooms · 4 beds · 1 bath,Kitchen,4.83 (7 reviews),Entire home**__**Enhanced Clean**__**Experienced host**__**Free cancellation until 3:00 PM on Mar 11**__**House rules,,€116/ night,󰀥Check-in:  After 3:00 PM**__**󰀥Checkout: 9:00 AM**__**󱤈No smoking**__**󱤆No pets**__**󱤂No parties or events**__**󹀁Committed to Airbnb's enhanced cleaning process. Learn more**__**Airbnb's social-distancing and other COVID-19-related guidelines apply**__**󱠆Carbon monoxide alarm not reported Learn more**__**󱠁Smoke alarm,"{""amenity_Bedroom and laundry"": [""Hangers"", ""Essentials""], ""amenity_Entertainment"": [""TV""], ""amenity_Family"": [""Pack \u2019n Play/travel crib"", ""High chair""], ""amenity_Heating and cooling"": [""Heating""], ""amenity_Home safety"": [""Unavailable: Security cameras on property"", ""Smoke alarm""], ""amenity_Internet and office"": [""Wifi""], ""amenity_Kitchen and dining"": [""Coffee maker"", ""Stove"", ""Kitchen"", ""Dishwasher"", ""Oven"", ""Refrigerator"", ""Cooking basics"", ""Microwave"", ""Dishes and silverware""], ""amenity_Location features"": [""Private entrance""], ""amenity_Outdoor"": [""Garden or backyard"", ""BBQ grill""], ""amenity_Parking and facilities"": [""Free parking on premises""], ""amenity_Services"": [""Luggage dropoff allowed""], ""amenity_Not included"": [""Unavailable: Shampoo"", ""Unavailable: Washer"", ""Unavailable: Hair dryer"", ""Unavailable: Carbon monoxide alarm"", ""Unavailable: Air conditioning""]}",Uberlandia,Premium
51,4 guests · 2 bedrooms · 2 beds · 2 baths,Kitchen,empty,Entire home**__**Enhanced Clean**__**Free cancellation until 12:00 PM on Mar 15**__**House rules,,€150/ night,"󰀥Check-in:  12:00 PM - 6:00 PM**__**󱤈No smoking**__**󱤆No pets**__**󱤂No parties or events**__**󹀁Committed to Airbnb's enhanced cleaning process. Learn more**__**Airbnb's social-distancing and other COVID-19-related guidelines apply**__**󱠆Carbon monoxide alarm not reported Learn more**__**󱠁Smoke alarm**__**󰐂Security Deposit - if you damage the home, you may be charged up to €500","{""amenity_Bedroom and laundry"": [""Hangers"", ""Essentials""], ""amenity_Entertainment"": [""TV""], ""amenity_Heating and cooling"": [""Heating""], ""amenity_Home safety"": [""Unavailable: Security cameras on property"", ""First aid kit"", ""Smoke alarm"", ""Fire extinguisher""], ""amenity_Internet and office"": [""Wifi""], ""amenity_Kitchen and dining"": [""Kitchen""], ""amenity_Parking and facilities"": [""Free parking on premises""], ""amenity_Services"": [""Long term stays allowed""], ""amenity_Not included"": [""Unavailable: Private entrance"", ""Unavailable: Hair dryer"", ""Unavailable: Carbon monoxide alarm"", ""Unavailable: Washer"", ""Unavailable: Shampoo"", ""Unavailable: Air conditioning""]}",Uberlandia,Premium
52,6 guests · 3 bedrooms · 3 beds · 1 bath,Kitchen,4.93 (84 reviews),,Entire home**__**Enhanced Clean**__**Great check-in experience**__**Cancellation policy**__**House rules,€300/ night,"󱤈No smoking**__**󱤆No pets**__**󱤂No parties or events**__**󹀁Committed to Airbnb's enhanced cleaning process. Learn more**__**Airbnb's social-distancing and other COVID-19-related guidelines apply**__**󱠆Carbon monoxide alarm not reported Learn more**__**󱠆Smoke alarm not reported Learn more**__**󰐂Security Deposit - if you damage the home, you may be charged up to €500","{""amenity_Bathroom"": [""Hot water"", ""Hair dryer""], ""amenity_Bedroom and laundry"": [""Essentials""], ""amenity_Entertainment"": [""TV""], ""amenity_Heating and cooling"": [""Indoor fireplace"", ""Heating""], ""amenity_Home safety"": [""Unavailable: Security cameras on property"", ""Fire extinguisher""], ""amenity_Internet and office"": [""Wifi""], ""amenity_Kitchen and dining"": [""Kitchen"", ""Dishes and silverware""], ""amenity_Services"": [""Long term stays allowed"", ""Host greets you""], ""amenity_Not included"": [""Unavailable: Air conditioning"", ""Unavailable: Carbon monoxide alarm"", ""Unavailable: Smoke alarm"", ""Unavailable: Washer"", ""Unavailable: Private entrance"", ""Unavailable: Shampoo""]}",Uberlandia,Premium
53,4 guests · 2 bedrooms · 4 beds · 1 bath,Kitchen,4.90 (11 reviews),Entire home**__**Enhanced Clean**__**Great communication**__**Cancellation policy**__**House rules,,€119/ night,󰀥Check-in:  After 2:00 PM**__**󰀥Checkout: 10:00 AM**__**󱤈No smoking**__**󱤆No pets**__**󱤂No parties or events**__**󱠁Long term stays (28 days or more) are allowed**__**󹀁Committed to Airbnb's enhanced cleaning process. Learn more**__**Airbnb's social-distancing and other COVID-19-related guidelines apply**__**󱠃No carbon monoxide alarm**__**󱠃No smoke alarm,"{""amenity_Bathroom"": [""Hair dryer"", ""Hot water""], ""amenity_Bedroom and laundry"": [""Washer"", ""Hangers"", ""Essentials""], ""amenity_Entertainment"": [""TV""], ""amenity_Family"": [""Pack \u2019n Play/travel crib"", ""High chair""], ""amenity_Heating and cooling"": [""Heating""], ""amenity_Home safety"": [""Unavailable: Security cameras on property"", ""Fire extinguisher""], ""amenity_Internet and office"": [""Wifi""], ""amenity_Kitchen and dining"": [""Microwave"", ""Cooking basics"", ""Refrigerator"", ""Kitchen"", ""Coffee maker"", ""Oven"", ""Dishes and silverware"", ""Stove""], ""amenity_Location features"": [""Private entrance""], ""amenity_Outdoor"": [""Patio or balcony"", ""Garden or backyard""], ""amenity_Parking and facilities"": [""Single level home"", ""Free parking on premises""], ""amenity_Services"": [""Host greets you""], ""amenity_Not included"": [""Unavailable: Air conditioning"", ""Unavailable: Shampoo"", ""Unavailable: Carbon monoxide alarm"", ""Unavailable: Smoke alarm""]}",Uberlandia,Premium
54,5 guests · 2 bedrooms · 3 beds · 1.5 baths,empty,empty,Entire home**__**Enhanced Clean**__**Wifi**__**Cancellation policy**__**House rules,,€190/ night,󰀥Check-in:  3:00 PM - 11:00 PM**__**󰀥Checkout: 9:00 AM**__**󱤈No smoking**__**󱤆No pets**__**󱤂No parties or events**__**󹀁Committed to Airbnb's enhanced cleaning process. Learn more**__**Airbnb's social-distancing and other COVID-19-related guidelines apply**__**󱠆Carbon monoxide alarm not reported Learn more**__**󱠁Smoke alarm,{},Uberlandia,Premium
55,8 guests · 3 bedrooms · 5 beds · 2 baths,Kitchen,empty,Entire home**__**Enhanced Clean**__**Experienced host**__**Cancellation policy**__**House rules,,€156/ night,󰀥Check-in:  After 4:00 PM**__**󰀥Checkout: 10:00 AM**__**󱤈No smoking**__**󱤅Pets are allowed**__**󹀁Committed to Airbnb's enhanced cleaning process. Learn more**__**Airbnb's social-distancing and other COVID-19-related guidelines apply**__**󱠆Carbon monoxide alarm not reported Learn more**__**󱠆Smoke alarm not reported Learn more,"{""amenity_Bedroom and laundry"": [""Hangers""], ""amenity_Entertainment"": [""Cable TV"", ""TV""], ""amenity_Heating and cooling"": [""Heating""], ""amenity_Internet and office"": [""Dedicated workspace"", ""Wifi""], ""amenity_Kitchen and dining"": [""Microwave"", ""Kitchen"", ""Dishwasher"", ""Oven""], ""amenity_Location features"": [""Private entrance""], ""amenity_Outdoor"": [""BBQ grill""], ""amenity_Parking and facilities"": [""Free street parking""], ""amenity_Services"": [""Long term stays allowed""], ""amenity_Not included"": [""Unavailable: Hair dryer"", ""Unavailable: Carbon monoxide alarm"", ""Unavailable: Washer"", ""Unavailable: Shampoo"", ""Unavailable: Smoke alarm"", ""Unavailable: Air conditioning"", ""Unavailable: Essentials""]}",Uberlandia,Premium
56,6 guests · 2 bedrooms · 6 beds · 1 bath,Kitchen,5.0 (4 reviews),,Entire home**__**Enhanced Clean**__**Self check-in**__**Cancellation policy**__**House rules,€116/ night,"󰀥Check-in:  After 5:00 PM**__**󰀥Checkout: 9:00 AM**__**󰄄Self check-in with lockbox**__**󱤈No smoking**__**󱤆No pets**__**󱤂No parties or events**__**󹀁Committed to Airbnb's enhanced cleaning process. Learn more**__**Airbnb's social-distancing and other COVID-19-related guidelines apply**__**󱠃No carbon monoxide alarm**__**󱠃No smoke alarm**__**󰐂Security Deposit - if you damage the home, you may be charged up to €100","{""amenity_Bathroom"": [""Hot water"", ""Bathtub"", ""Hair dryer""], ""amenity_Bedroom and laundry"": [""Essentials"", ""Extra pillows and blankets"", ""Dryer"", ""Washer"", ""Hangers"", ""Iron""], ""amenity_Entertainment"": [""TV"", ""Cable TV""], ""amenity_Family"": [""Pack \u2019n Play/travel crib"", ""Crib"", ""High chair""], ""amenity_Heating and cooling"": [""Heating""], ""amenity_Home safety"": [""Unavailable: Security cameras on property"", ""Fire extinguisher""], ""amenity_Internet and office"": [""Wifi"", ""Dedicated workspace""], ""amenity_Kitchen and dining"": [""Oven"", ""Refrigerator"", ""Dishwasher"", ""Stove"", ""Dishes and silverware"", ""Kitchen"", ""Cooking basics"", ""Coffee maker""], ""amenity_Location features"": [""Private entrance""], ""amenity_Outdoor"": [""Patio or balcony"", ""Garden or backyard""], ""amenity_Parking and facilities"": [""Single level home"", ""Free parking on premises""], ""amenity_Services"": [""Lockbox"", ""Luggage dropoff allowed"", ""Long term stays allowed""], ""amenity_Not included"": [""Unavailable: Air conditioning"", ""Unavailable: Carbon monoxide alarm"", ""Unavailable: Shampoo"", ""Unavailable: Smoke alarm""]}",Uberlandia,Premium
57,6 guests · 3 bedrooms · 3 beds · 1 bath,Hosted by a business · Kitchen,empty,,Entire home**__**Enhanced Clean**__**Cancellation policy**__**House rules,€126/ night,󰀥Check-in:  After 3:00 PM**__**󰀥Checkout: 9:00 AM**__**󱤈No smoking**__**󱤆No pets**__**󱠁Long term stays (28 days or more) are allowed**__**󹀁Committed to Airbnb's enhanced cleaning process. Learn more**__**Airbnb's social-distancing and other COVID-19-related guidelines apply**__**󱠆Carbon monoxide alarm not reported Learn more**__**󱠆Smoke alarm not reported Learn more,"{""amenity_Bathroom"": [""Bathtub""], ""amenity_Bedroom and laundry"": [""Hangers""], ""amenity_Entertainment"": [""TV""], ""amenity_Heating and cooling"": [""Heating""], ""amenity_Internet and office"": [""Wifi"", ""Dedicated workspace""], ""amenity_Kitchen and dining"": [""Kitchen"", ""Coffee maker"", ""Oven"", ""Refrigerator""], ""amenity_Location features"": [""Private entrance""], ""amenity_Not included"": [""Unavailable: Smoke alarm"", ""Unavailable: Washer"", ""Unavailable: Hair dryer"", ""Unavailable: Carbon monoxide alarm"", ""Unavailable: Air conditioning"", ""Unavailable: Shampoo"", ""Unavailable: Essentials""]}",Uberlandia,Premium
58,4 guests · 1 bedroom · 2 beds · 1 bath,Kitchen,4.50 (4 reviews),,Entire home**__**Enhanced Clean**__**Pets allowed**__**Cancellation policy**__**House rules,€134/ night,󰀥Check-in:  After 3:00 PM**__**󰀥Checkout: 10:00 AM**__**󱤈No smoking**__**󱤅Pets are allowed**__**󹀁Committed to Airbnb's enhanced cleaning process. Learn more**__**Airbnb's social-distancing and other COVID-19-related guidelines apply**__**󱠆Carbon monoxide alarm not reported Learn more**__**󱠆Smoke alarm not reported Learn more,"{""amenity_Bathroom"": [""Bathtub""], ""amenity_Bedroom and laundry"": [""Dryer"", ""Washer"", ""Essentials"", ""Hangers""], ""amenity_Entertainment"": [""TV"", ""Cable TV""], ""amenity_Heating and cooling"": [""Heating""], ""amenity_Internet and office"": [""Wifi"", ""Dedicated workspace""], ""amenity_Kitchen and dining"": [""Microwave"", ""Kitchen""], ""amenity_Location features"": [""Private entrance""], ""amenity_Services"": [""Long term stays allowed""], ""amenity_Not included"": [""Unavailable: Shampoo"", ""Unavailable: Hair dryer"", ""Unavailable: Carbon monoxide alarm"", ""Unavailable: Smoke alarm"", ""Unavailable: Air conditioning""]}",Uberlandia,Premium
59,6 guests · 3 bedrooms · 3 beds · 1 bath,Hosted by a business · Kitchen,empty,Entire home**__**Enhanced Clean**__**Experienced host**__**Cancellation policy**__**House rules,,€117/ night,󰀥Check-in:  After 4:00 PM**__**󰀥Checkout: 9:00 AM**__**󱤈No smoking**__**󱤆No pets**__**󹀁Committed to Airbnb's enhanced cleaning process. Learn more**__**Airbnb's social-distancing and other COVID-19-related guidelines apply**__**󱠆Carbon monoxide alarm not reported Learn more**__**󱠆Smoke alarm not reported Learn more,"{""amenity_Bedroom and laundry"": [""Hangers"", ""Essentials""], ""amenity_Entertainment"": [""TV""], ""amenity_Heating and cooling"": [""Heating""], ""amenity_Internet and office"": [""Dedicated workspace"", ""Wifi""], ""amenity_Kitchen and dining"": [""Microwave"", ""Kitchen"", ""Coffee maker""], ""amenity_Location features"": [""Private entrance""], ""amenity_Parking and facilities"": [""Free street parking""], ""amenity_Services"": [""Long term stays allowed""], ""amenity_Not included"": [""Unavailable: Air conditioning"", ""Unavailable: Carbon monoxide alarm"", ""Unavailable: Smoke alarm"", ""Unavailable: Washer"", ""Unavailable: Hair dryer"", ""Unavailable: Shampoo""]}",Uberlandia,Premium
